label	length_bp	products	contig_edge
1.1	67343	NRPS	False
3.1	78743	T1PKS	False
4.1	31253	terpene	False
4.2	65562	T1PKS	False
8.1	65546	T1PKS	False
10.1	92532	NRPS+T1PKS	False
12.1	30633	terpene	False
13.1	31410	terpene	True
13.2	30867	terpene	False
13.3	63770	NRPS-like	False
15.1	31754	terpene	False
17.1	63417	NRPS-like	False
20.1	68030	T1PKS+terpene	False
20.2	32983	terpene	False
20.3	66645	T1PKS	False
22.1	32859	indole	False
22.2	95164	NRPS+NRPS-like+indole	False
23.1	31393	indole	False
25.1	39776	betalactone	False
28.1	80865	T1PKS	False
29.1	63179	NRPS-like	False
29.2	77836	T1PKS	False
31.1	48956	NRPS+T1PKS	True
31.2	67734	T1PKS	False
35.1	63370	NRPS-like	False
36.1	40434	betalactone	False
38.1	79165	NRPS	False
44.1	17026	terpene-precursor	True
46.1	124070	NRPS-like+T1PKS+terpene	False
49.1	31439	indole	False
51.1	68162	T1PKS	False
52.1	58421	NRPS-like	True
56.1	135223	T1PKS+NRPS-like	False
57.1	65549	T1PKS+terpene	False
57.2	33674	NRPS-like	True
58.1	52579	T1PKS	True
59.1	32916	terpene	False
66.1	63813	NRPS-like	False
68.1	103761	T1PKS+NRPS+indole	True
70.1	57766	T1PKS	True
71.1	32500	terpene	False
78.1	31191	terpene-precursor	False
83.1	27253	terpene	True
86.1	74427	NRPS	False
88.1	41455	T1PKS	True
92.1	44984	NRPS-like	True
94.1	54351	NRPS	True
96.1	44946	NRPS-like+terpene	True
98.1	63852	NRPS-like+indole	True
104.1	32393	terpene	False
104.2	30642	terpene	True
106.1	49046	T1PKS	True
111.1	59076	terpene+NRPS	True
115.1	37206	isocyanide	True
117.1	57008	T1PKS	True
118.1	50941	NRPS	True
122.1	46261	T1PKS	True
123.1	52135	NRPS	True
134.1	23239	terpene	True
139.1	30299	T1PKS	True
140.1	26713	betalactone	True
143.1	27413	NRPS	True
146.1	27109	terpene	True
149.1	25880	T1PKS	True
157.1	20971	T1PKS	True
170.1	16684	terpene	True
